date,title,summary,url,author,audiences,status
2026-10-08,Winning for Kent: procurement with purpose,"Kent County Council's 2026–28 policy sets out how its purchasing will pursue social value through jobs and skills, stronger local suppliers, and healthier communities.",https://www.publicservicetransformation.org/news/winning-for-kent-procurement-with-purpose/,The Public Service Transformation Academy,"PSTA, RedQuadrant",queued
2026-10-08,Reimagining commissioning: relational and learning-centred approaches,"Dan Kirby and Steph Gamauf explore what commissioning would look like if relationships, shared learning, and adaptation were treated as core infrastructure.",https://www.publicservicetransformation.org/news/reimagining-commissioning-relational-learning/,The Public Service Transformation Academy,"PSTA, RedQuadrant",queued
2026-10-08,Earlier relational support for people with dementia: the Live More evaluation,"An evaluation of Live More with Shared Lives reports improved wellbeing and independence, trusted respite for families, and an estimated £5.96 of social value for each £1 invested.",https://www.publicservicetransformation.org/news/live-more-dementia-evaluation/,The Public Service Transformation Academy,"PSTA, RedQuadrant",queued
2026-10-08,Air-quality innovation masterclass — 14 October 2026,"An online masterclass and surgery will share Westminster's experience of defining an air-quality challenge, engaging suppliers, testing solutions, and building evidence.",https://www.publicservicetransformation.org/news/air-quality-innovation-masterclass/,The Public Service Transformation Academy,"PSTA, RedQuadrant",queued
2026-10-08,A practical collection of relational services resources,"Q Community has brought together reports, articles, recordings, organisations, and ways to connect for people developing relational public services.",https://www.publicservicetransformation.org/news/relational-services-resources/,The Public Service Transformation Academy,"PSTA, RedQuadrant",queued
2026-10-07,A season for change? The Relationships Project on relational reform,"Rich Bell asks what devolution, public-service reform, and social care might reveal about the prospects for a more relational state.",https://www.publicservicetransformation.org/news/relational-reform-burnham-government/,The Public Service Transformation Academy,"PSTA, RedQuadrant",queued
2026-10-01,The Mayor’s Bear: stories of hope and local democracy,"PSTA facilitator Jon Harvey’s new edition uses magical stories to help children understand local democracy and imagine how they can shape kinder, more inclusive communities.",https://www.publicservicetransformation.org/news/the-mayors-bear-local-democracy/,The Public Service Transformation Academy,"PSTA, RedQuadrant",queued
2026-09-30,The neighbourhood that had no plan: a story by Mike Chitty,A story about what happens when neighbourhood life is expected to fit the health system's plans.,https://www.publicservicetransformation.org/news/neighbourhood-that-had-no-plan/,The PSTA,"PSTA, RedQuadrant",queued
2026-09-30,Rewiring the state: the LGIU on local government's role,"A new LGIU report examines councils' role in public-service reform, democratic accountability, prevention, and local capability.",https://www.publicservicetransformation.org/news/rewiring-the-state-local-government/,The PSTA,"PSTA, RedQuadrant",queued
2026-09-30,Associations and institutions: Cormac Russell on how change happens,Cormac Russell explores the different contributions of community associations and institutions to social and economic change.,https://www.publicservicetransformation.org/news/associations-and-institutions/,The PSTA,"PSTA, RedQuadrant",queued
2026-09-24,Reading: Mike Barker on prevention and the role of councils,A reading note on why immediate crisis spending can displace the local conditions that help people stay well.,https://www.publicservicetransformation.org/news/mike-barker-prevention-place/,The Public Service Transformation Academy,"PSTA, RedQuadrant",queued
2026-09-24,A commissioning instincts quiz from Ideas Alliance,A short external exercise for NHS commissioners to compare the approaches they reach for first.,https://www.publicservicetransformation.org/news/commissioning-instincts-quiz/,The Public Service Transformation Academy,"PSTA, RedQuadrant",queued
2026-09-05,The debrief is where a simulation becomes learning,"Turn an immersive exercise into a useful examination of decisions, assumptions, and consequences.",https://www.publicservicetransformation.org/news/simulation-debrief/,The PSTA,PSTA,queued
2026-09-05,Make the contract review useful to both sides,Five questions that connect contract evidence with service experience and practical decisions.,https://www.publicservicetransformation.org/news/contract-review-questions/,The PSTA,PSTA,queued
2026-09-05,Give a learning programme a real piece of work,How to choose a live project that makes development useful without overwhelming the participants.,https://www.publicservicetransformation.org/news/learning-with-a-live-project/,The PSTA,PSTA,queued
2026-09-05,Find the decision your partnership cannot currently make,A concrete starting point for developing systems leadership across organisations.,https://www.publicservicetransformation.org/news/partnership-decisions/,The PSTA,PSTA,queued
2026-09-05,Commissioning starts with a question about purpose,A practical way to reconnect commissioning decisions with the lives they are intended to improve.,https://www.publicservicetransformation.org/news/commissioning-starts-with-purpose/,The PSTA,PSTA,queued
2026-09-05,Choose a development route around the work ahead,"How to decide between an open programme, a bespoke cohort, and a place-based academy.",https://www.publicservicetransformation.org/news/choose-a-development-route/,The PSTA,PSTA,queued
2026-08-10,The National Commissioning Academy returns in November 2026,"The next national cohort will bring together commissioners, transformation leads, and system partners for applied learning from November 2026 to May 2027.",https://www.publicservicetransformation.org/news/national-commissioning-academy-september-2026/,The PSTA,PSTA,queued
